FID,District_N,District_C,Division,Area_Sq_km,Area_Sq_Mi,Revised_YN,Revised_Da,Pop_by_Dis,Housholds_,Comments,FID_1,STATION_NA,DIVISION_H,ADDRESS,,COUNTY,STATION_IN,IG_EAST,IG_NORTH,ITM_EAST,ITM_NORTH,LONGITUDE,LATITUDE,FULL_TIME_,AREA_CODE,PHONE_NUMB,STATION_TY,Shape_Leng,Shape__Area,Shape__Length,COUNTRY
1,Store Street,1800G,DMR North Central,6.817,2.632,YES,2019/11/28 00:00:00+00,22775,7994, ,255,STORE STREET,STORE STREET,"Store Street, Dublin 1",,DUBLIN,https://www.garda.ie/en/Contact-Us/Station-Directory/Store-Street.html,316435,234757,716361,734784,-6.252246,53.350455,1,1,6668000,Division HQ,14465.29448,6845086.217,14465.29448,IRELAND
2,Pearse Street,1000F,DMR South Central,3.178,1.227,YES,2019/11/28 00:00:00+00,20034,6089, ,246,PEARSE STREET,KEVIN STREET,"Pearse Street, Dublin 2",,DUBLIN,https://www.garda.ie/en/Contact-Us/Station-Directory/Pearse-Street.html,316180,234222,716106,734248,-6.256269,53.345702,1,1,6669000,District HQ,8082.520076,3191615.734,8082.520076,IRELAND
3,Bridewell Dublin,1870H,DMR North Central,2.998,1.158,YES,2019/11/28 00:00:00+00,24012,9919, ,127,BRIDEWELL,STORE STREET,Chancery Street,,DUBLIN,https://www.garda.ie/en/Contact-Us/Station-Directory/Bridewell-Dublin.html,314987,234346,714913,734373,-6.27413,53.34708,0,1,6668200,District HQ,8416.877906,3038430.558,8416.877906,IRELAND
4,Granard,2470H,Mayo & Roscommon/Longford,562.905,217.339,YES,2019/11/28 00:00:00+00,16246,6042, ,416,GRANARD,CASTLEBAR,"Barrack Street, Granard, Co. Longford",,LONGFORD,https://www.garda.ie/en/Contact-Us/Station-Directory/Granard.html,233393,281099,633336,781115,-7.494222,53.778552,1,43,6687660,District HQ,163078.7917,565111105.1,163078.7917,IRELAND
5,Longford,2400G,Mayo & Roscommon/Longford,523.854,202.261,YES,2019/11/28 00:00:00+00,24609,9080, ,419,LONGFORD,CASTLEBAR,"Battery Road, Longford",,LONGFORD,https://www.garda.ie/en/Contact-Us/Station-Directory/Longford.html,213158,275874,613106,775892,-7.80138,53.73251,1,43,3350570,District HQ,146816.571,525885791.6,146816.571,IRELAND
6,Drogheda,2000A,Cavan/Monaghan & Louth,221.104,85.369,YES,2019/11/28 00:00:00+00,53538,18943, ,427,DROGHEDA,DROGHEDA,"Father Connolly Way, Drogheda, Co.",,LOUTH,https://www.garda.ie/en/Contact-Us/Station-Directory/Drogheda.html,308547,275168,708475,775185,-6.356643,53.715056,1,41,9874200,Division HQ,101783.7742,222031196.1,101783.7742,IRELAND
7,Navan,2270E,Meath/Westmeath,629.034,242.871,YES,2019/11/28 00:00:00+00,52317,17485, ,473,NAVAN,MULLINGAR,"Abbey Rd, Navan, Co.Meath",,MEATH,https://www.garda.ie/en/Contact-Us/Station-Directory/Navan.html,286636,267972,686569,767991,-6.690418,53.654517,1,46,9079930,District HQ,179394.2568,631606330.4,179394.2568,IRELAND
8,Kells,2100H,Meath/Westmeath,572.778,221.151,YES,2019/11/28 00:00:00+00,25346,8771, ,470,KELLS,MULLINGAR,"Fairgreen, Kells, Co. Meath",,MEATH,https://www.garda.ie/en/Contact-Us/Station-Directory/Kells.html,273892,275980,673827,775998,-6.881215,53.728408,1,46,9280820,District HQ,198578.1094,575077701.4,198578.1094,IRELAND
9,Mullingar,2300M,Meath/Westmeath,1173.653,453.15,YES,2019/11/28 00:00:00+00,53353,18770, ,24,MULLINGAR,MULLINGAR,"College Road, Mullingar, Co. Westmeath",,WESTMEATH,https://www.garda.ie/en/Contact-Us/Station-Directory/Mullingar.html,243426,253036,643368,753059,-7.345952,53.525701,1,44,9384000,Division HQ,212564.3534,1178245956,212564.3534,IRELAND
10,Athlone,2370A,Meath/Westmeath,698.107,269.541,YES,2019/11/28 00:00:00+00,41706,15089, ,14,ATHLONE,MULLINGAR,"Barrack Street, Athlone, Co. Westmeath",,WESTMEATH,https://www.garda.ie/en/Contact-Us/Station-Directory/Athlone.html,203723,241436,603673,741461,-7.944738,53.423248,1,90,6492600,District HQ,183867.9359,700789802.7,183867.9359,IRELAND
11,Trim,2170K,Meath/Westmeath,535.469,206.746,YES,2019/11/28 00:00:00+00,33457,11080, ,478,TRIM,MULLINGAR,"New Dublin Rd, Trim",,MEATH,https://www.garda.ie/en/Contact-Us/Station-Directory/Trim.html,280291,256571,680224,756592,-6.789303,53.553114,1,46,9481540,District HQ,148534.0299,537599825.3,148534.0299,IRELAND
12,Ashbourne,2040M,Meath/Westmeath,593.369,229.101,YES,2019/11/28 00:00:00+00,81311,25925, ,463,ASHBOURNE,MULLINGAR,"Frederick St, Ashbourne",,MEATH,https://www.garda.ie/en/Contact-Us/Station-Directory/Ashbourne.html,306394,252439,706322,752462,-6.396999,53.511375,1,1,8010600,District HQ,180524.7628,595807168.1,180524.7628,IRELAND
13,Balbriggan,2200D,DMR North,227.013,87.65,YES,2019/11/28 00:00:00+00,61845,23304, ,220,BALBRIGGAN,BALLYMUN,Harry Reynolds Road,,DUBLIN,https://www.garda.ie/en/Contact-Us/Station-Directory/Balbriggan.html,319756,264224,719682,764243,-6.191172,53.61433,1,1,802 0510,District HQ,97082.66427,227963852.4,97082.66427,IRELAND
14,Tullamore,2670M,Kildare & Laois/Offaly,917.075,354.085,YES,2019/11/28 00:00:00+00,49106,16952, ,500,TULLAMORE,PORT LAOISE,"Patrick St, Tullamore",,OFFALY,https://www.garda.ie/en/Contact-Us/Station-Directory/Tullamore.html,233744,225171,633688,725200,-7.494906,53.276055,1,57,9327600,District HQ,214679.9948,920597287.2,214679.9948,IRELAND
15,Leixlip,2730,Kildare & Laois/Offaly,379.329,146.46,YES,2019/11/28 00:00:00+00,72769,23557, ,341,LEIXLIP,PORT LAOISE,"Leixlip, Co. Kildare",,KILDARE,https://www.garda.ie/en/Contact-Us/Station-Directory/Leixlip.html,300015,236268,699944,736294,-6.49825,53.367378,1,1,6667800,District HQ,155099.9033,380837888,155099.9033,IRELAND
16,Naas,2700F,Kildare & Laois/Offaly,546.483,210.998,YES,2019/11/28 00:00:00+00,73210,23941, ,344,NAAS,PORT LAOISE,"Kilcullen Road, Naas, Co. Kildare",,KILDARE,https://www.garda.ie/en/Contact-Us/Station-Directory/Naas.html,289174,218612,689106,718642,-6.666007,53.210722,1,45,884300,District HQ,167820.1634,548650052.1,167820.1634,IRELAND
17,Kildare,2770G,Kildare & Laois/Offaly,760.472,293.62,YES,2019/11/28 00:00:00+00,76301,25952, ,340,KILDARE,PORT LAOISE,"Dublin Road, Kildare, Co. Kildare",,KILDARE,https://www.garda.ie/en/Contact-Us/Station-Directory/Kildare.html,273149,212253,673084,712284,-6.907264,53.156035,1,45,527730,District HQ,210707.4154,763420530.8,210707.4154,IRELAND
18,Dun Laoghaire,1900C,DMR East,50.164,19.368,YES,2019/11/28 00:00:00+00,96713,34917, ,233,DUN LAOGHAIRE,DUN LAOGHAIRE,34/35 Corrig Avenue,,DUBLIN,https://www.garda.ie/en/Contact-Us/Station-Directory/Dun-Laoghaire.html,324528,228221,724452,728249,-6.133347,53.289915,1,1,6665000,Division HQ,46298.47651,50372667.09,46298.47651,IRELAND
19,Tallaght,1372B,DMR South,126.374,48.793,YES,2019/11/28 00:00:00+00,143263,48548, ,258,TALLAGHT,CRUMLIN,Belgard Walk,,DUBLIN,https://www.garda.ie/en/Contact-Us/Station-Directory/Tallaght.html,308900,227492,708828,727519,-6.367838,53.286801,1,1,6666000,District HQ,66861.73662,126889851.7,66861.73662,IRELAND
20,Crumlin,1300E,DMR South,11.374,4.391,YES,2019/11/28 00:00:00+00,51095,20090, ,231,CRUMLIN,CRUMLIN,23 St. Agnes Road,,DUBLIN,https://www.garda.ie/en/Contact-Us/Station-Directory/Crumlin.html,312337,231220,712263,731246,-6.315017,53.319567,1,1,6666200,Division HQ,15063.09542,11420316.36,15063.09542,IRELAND
21,Terenure,1470B,DMR South,11.13,4.297,YES,2019/11/28 00:00:00+00,53352,21651, ,259,TERENURE,CRUMLIN,Terenure Road West,,DUBLIN,https://www.garda.ie/en/Contact-Us/Station-Directory/Terenure.html,314161,230177,714087,730204,-6.288029,53.309815,1,1,6666400,District HQ,18492.5134,11175415.44,18492.5134,IRELAND
22,Clondalkin,1721C,DMR West,84.707,32.706,YES,2019/11/28 00:00:00+00,76873,26142, ,228,CLONDALKIN,BLANCHARDSTOWN,Orchard Road,,DUBLIN,https://www.garda.ie/en/contact-us/station-directory/clondalkin.html,307001,231495,706929,731522,-6.394958,53.323146,0,1,6667600,District HQ,60803.51977,84313181.6,60803.51977,IRELAND
23,Lucan,1710H,DMR West,36.898,14.246,YES,2019/11/28 00:00:00+00,70933,21588, ,242,LUCAN,BLANCHARDSTOWN,Lucan Village,,DUBLIN,https://www.garda.ie/en/Contact-Us/Station-Directory/Lucan.html,303209,235075,703137,735101,-6.45068,53.356052,1,1,6667300,District HQ,32118.2899,37785682.7,32118.2899,IRELAND
24,Raheny,1570K,DMR North,46.023,17.77,YES,2019/11/28 00:00:00+00,85896,32620, ,247,RAHENY,BALLYMUN,All saints Drive,,DUBLIN,https://www.garda.ie/en/Contact-Us/Station-Directory/Raheny.html,321299,238056,721223,738081,-6.177986,53.378983,1,1,6664300,District HQ,53293.83051,46216275.16,53293.83051,IRELAND
25,Fitzgibbon Street,1830K,DMR North Central,5.775,2.23,YES,2019/11/28 00:00:00+00,47288,18252, ,236,FITZGIBBON STREET,STORE STREET,"24/28 Fitzgibbon Street, Dublin 1",,DUBLIN,https://www.garda.ie/en/Contact-Us/Station-Directory/Fitzgibbon-Street.html,316208,235563,716134,735589,-6.255359,53.357735,1,1,6668400,District HQ,12905.65312,5798493.077,12905.65312,IRELAND
26,Kevin Street,1070G,DMR South Central,7.585,2.929,YES,2019/11/28 00:00:00+00,55745,23860, ,240,KEVIN STREET,KEVIN STREET,"Kevin Street Upper, Dublin 8",,DUBLIN,https://www.garda.ie/en/Contact-Us/Station-Directory/Kevin-Street.html,315268,233451,715193,733478,-6.270248,53.338982,1,1,6669400,Division HQ,14915.51941,7616883.814,14915.51941,IRELAND
27,Donnybrook,1200K,DMR South Central,21.486,8.296,YES,2019/11/28 00:00:00+00,55511,21694, ,232,DONNYBROOK,KEVIN STREET,43 Donnybrook Road,,DUBLIN,https://www.garda.ie/en/Contact-Us/Station-Directory/Donnybrook.html,317602,231588,717527,731615,-6.235914,53.321731,1,1,6669200,District HQ,23333.05801,21575284.67,23333.05801,IRELAND
28,Blackrock,1970D,DMR East,55.532,21.441,YES,2019/11/28 00:00:00+00,104565,38051, ,223,BLACKROCK,DUN LAOGHAIRE,Sweetmans Avenue,,DUBLIN,https://www.garda.ie/en/Contact-Us/Station-Directory/Blackrock-Dublin.html,321556,229246,721480,729273,-6.177504,53.299805,1,1,6665200,District HQ,46375.25588,55761457.22,46375.25588,IRELAND
29,Bray,1930E,Wexford & Wicklow,217.509,83.981,YES,2019/11/28 00:00:00+00,65889,22460, ,54,BRAY,WEXFORD,"Convent Avenue, Bray, Co. Wicklow",,WICKLOW,https://www.garda.ie/en/Contact-Us/Station-Directory/Bray.html,326982,218126,726905,718156,-6.100595,53.198679,1,1,6665300,District HQ,87943.9623,218407731.7,87943.9623,IRELAND
30,Wicklow,3200L,Wexford & Wicklow,900.693,347.759,YES,2019/11/28 00:00:00+00,50239,17661, ,64,WICKLOW,WEXFORD,"Batchelor's Walk, Wicklow, Co. Wicklow",,WICKLOW,https://www.garda.ie/en/Contact-Us/Station-Directory/Wicklow.html,331516,194057,731438,694092,-6.042638,52.981435,1,404,60140,District HQ,174601.4713,904348052.2,174601.4713,IRELAND
31,Baltinglass,2900K,Wexford & Wicklow,901.084,347.911,YES,2019/11/28 00:00:00+00,26521,9262, ,52,BALTINGLASS,WEXFORD,Edward Street,,WICKLOW,https://www.garda.ie/en/Contact-Us/Station-Directory/Baltinglass.html,286795,188319,686727,688355,-6.709772,52.938986,1,59,6482610,District HQ,248282.3327,904647522,248282.3327,IRELAND
32,Carlow,2800B,Kilkenny/Carlow & Waterford,861.13,332.484,YES,2019/11/28 00:00:00+00,59908,21456, ,70,CARLOW,WATERFORD,"Greenbank Road, Carlow, Co. Carlow",,CARLOW,https://www.garda.ie/en/Contact-Us/Station-Directory/Carlow.html,272198,177119,672133,677158,-6.929317,52.840527,1,59,9136620,District HQ,210101.2474,864426931.5,210101.2474,IRELAND
33,Portlaoise,2500C,Kildare & Laois/Offaly,1800.957,695.353,YES,2019/11/28 00:00:00+00,84341,29038, ,375,PORTLAOISE,PORT LAOISE,"Abbeyleix Rd, Portlaois",,LAOIS,https://www.garda.ie/en/Contact-Us/Station-Directory/Portlaoise.html,246806,198079,646746,698113,-7.303082,53.03165,1,57,8674100,District HQ,272867.4288,1807773154,272867.4288,IRELAND
34,Enniscorthy,3100C,Wexford & Wicklow,1284.108,495.797,YES,2019/11/28 00:00:00+00,73608,26116, ,36,ENNISCORTHY,WEXFORD,"Lymington Rd, Enniscorthy",,WEXFORD,https://www.garda.ie/en/Contact-Us/Station-Directory/Enniscorthy.html,297114,139729,697044,639776,-6.570682,52.500739,1,53,9233534,District HQ,210294.8614,1289115626,210294.8614,IRELAND
35,Wexford,3000G,Wexford & Wicklow,511.123,197.346,YES,2019/11/28 00:00:00+00,48883,18035, ,47,WEXFORD,WEXFORD,"3 Roches Road, Wexford, Co. Wexford",,WEXFORD,https://www.garda.ie/en/Contact-Us/Station-Directory/Wexford.html,304886,121500,704813,621551,-6.461997,52.335547,1,53,9165200,District HQ,184574.0415,513074446.2,184574.0415,IRELAND
36,New Ross,3170D,Wexford & Wicklow,596.619,230.356,YES,2019/11/28 00:00:00+00,27506,10225, ,41,NEW ROSS,WEXFORD,"Marshmeadows, New Ross",,WEXFORD,https://www.garda.ie/en/Contact-Us/Station-Directory/New-Ross.html,271484,126693,671419,626743,-6.9508,52.387564,1,51,426030,District HQ,175032.8058,598846160.4,175032.8058,IRELAND
37,Thomastown,3570L,Kilkenny/Carlow & Waterford,1115.297,430.619,YES,2019/11/28 00:00:00+00,38383,13508, ,364,THOMASTOWN,WATERFORD,"Low St, Thomastown",,KILKENNY,https://www.garda.ie/en/Contact-Us/Station-Directory/Thomastown.html,258413,142256,658351,642302,-7.140031,52.528949,1,56,7754150,District HQ,199327.4793,1119414751,199327.4793,IRELAND
38,Waterford,3300F,Kilkenny/Carlow & Waterford,172.229,66.498,YES,2019/11/28 00:00:00+00,61635,23618, ,13,WATERFORD,WATERFORD,"Ballybricken, Waterford City, Co. Waterford",,WATERFORD,https://www.garda.ie/en/Contact-Us/Station-Directory/Waterford.html,260461,112378,660398,612431,-7.115254,52.260269,1,51,305300,Division HQ,82187.363,172858071.1,82187.363,IRELAND
39,Tramore,3400B,Kilkenny/Carlow & Waterford,669.277,258.409,YES,2019/11/28 00:00:00+00,27976,10023, ,12,TRAMORE,WATERFORD,"Off Market Street, Tramore, Co. Waterford",,WATERFORD,https://www.garda.ie/en/Contact-Us/Station-Directory/Tramore.html,257984,101354,657922,601410,-7.153412,52.161475,1,51,391620,District HQ,164042.7517,671683978.5,164042.7517,IRELAND
40,Kilkenny,3500K,Kilkenny/Carlow & Waterford,955.219,368.812,YES,2019/11/28 00:00:00+00,55321,19443, ,357,KILKENNY,WATERFORD,"Dominic Street, Kilkenny",,KILKENNY,https://www.garda.ie/en/Contact-Us/Station-Directory/Kilkenny.html,250149,155908,650089,655951,-7.259723,52.65244,1,56,7775000,District HQ,212923.2903,958765485.9,212923.2903,IRELAND
41,Thurles,3600E,Clare & Tipperary,1098.327,424.066,YES,2019/11/28 00:00:00+00,35244,12698, ,558,THURLES,ENNIS,"Slievenamon Road, Thurles, Co. Tipperary",,TIPPERARY,https://www.garda.ie/en/Contact-Us/Station-Directory/Thurles.html,212773,158257,612721,658300,-7.8119,52.675712,1,504,25100,District HQ,228554.4445,1102354145,228554.4445,IRELAND
42,Tipperary,3870K,Clare & Tipperary,631.815,243.945,YES,2019/11/28 00:00:00+00,19282,7444, ,559,TIPPERARY,ENNIS,"St. Michael's Road, Tipperary",,TIPPERARY,https://www.garda.ie/en/Contact-Us/Station-Directory/Tipperary-Town.html,188981,136034,588933,636082,-8.162901,52.476051,1,62,80670,District HQ,164257.9081,634101598.8,164257.9081,IRELAND
43,Cahir,3700A,Clare & Tipperary,710.366,274.274,YES,2019/11/28 00:00:00+00,23443,8492, ,533,CAHIR,ENNIS,"Clonmel Road, Cahir",,TIPPERARY,https://www.garda.ie/en/Contact-Us/Station-Directory/Cahir.html,205478,124887,605427,624938,-7.920298,52.375972,1,52,7445630,District HQ,199704.816,712912810.8,199704.816,IRELAND
44,Dungarvan,3370G,Kilkenny/Carlow & Waterford,1002.694,387.142,YES,2019/11/28 00:00:00+00,32169,11690, ,565,DUNGARVAN,WATERFORD,"Youghal Road, Dungarvan",,WATERFORD,https://www.garda.ie/en/Contact-Us/Station-Directory/Dungarvan.html,225790,92872,625735,592930,-7.624475,52.087691,1,58,48600,District HQ,264744.0488,1006241527,264744.0488,IRELAND
45,Fermoy,4100K,Cork North & Cork West,1085.364,419.061,YES,2019/11/28 00:00:00+00,40116,14277, ,147,FERMOY,MACROOM (Temp),"O'Neill Crowley Quay, Fermoy",,CORK,https://www.garda.ie/en/Contact-Us/Station-Directory/Fermoy.html,181278,98497,581233,598553,-8.274164,52.138516,1,25,82100,District HQ,224124.1458,1089214500,224124.1458,IRELAND
46,Bruff,4900L,Limerick,889.089,343.279,YES,2019/11/28 00:00:00+00,30100,10771, ,392,BRUFF,HENRY STREET,"Main St, Bruff, Co. Limerick",,LIMERICK,https://www.garda.ie/en/Contact-Us/Station-Directory/Bruff.html,162884,136304,562843,636352,-8.546975,52.47733,1,61,382940,District HQ,244642.065,892330879,244642.065,IRELAND
47,Mallow,4170L,Cork North & Cork West,1246.158,481.144,YES,2019/11/28 00:00:00+00,48077,17873, ,162,MALLOW,MACROOM (Temp),"Bowling Green, Mallow",,CORK,https://www.garda.ie/en/Contact-Us/Station-Directory/Mallow.html,155824,98686,555784,598742,-8.64594,52.13877,1,22,31450,District HQ,236410.152,1250687726,236410.152,IRELAND
48,Togher,3930F,3931D,207.66,80.178,YES,2019/11/28 00:00:00+00,101418,35762, ,177,TOGHER,ANGLEASEA STREET,"Casey's Cross, Tramore Road, Cork",,CORK,https://www.garda.ie/en/Contact-Us/Station-Directory/Togher.html,166564,69417,566521,569480,-8.486227,51.876497,1,21,4947120,District HQ,89285.26494,208382791.6,89285.26494,IRELAND
49,Anglesea Street,3900D,3900D,14.384,5.554,YES,2019/11/28 00:00:00+00,40330,16273, ,110,ANGLESEA STREET,ANGLESEA STREET,"Anglesea Street, Cork",,CORK,https://www.garda.ie/en/Contact-Us/Station-Directory/Anglesea-Street.html,168038,71553,567995,571615,-8.465015,51.895775,1,21,4522000,District HQ,22011.60479,14434239.19,22011.60479,IRELAND
50,Gurranabraher,4020G,4022C,230.708,89.077,YES,2019/11/28 00:00:00+00,59689,20968, ,151,GURRANABRAHER,ANGLEASEA STREET,"Bakers Road, Gurranabraher, Cork",,CORK,https://www.garda.ie/en/Contact-Us/Station-Directory/Gurranabraher.html,165868,72426,565826,572488,-8.496622,51.903493,1,21,4946200,District HQ,99222.02782,231522000.2,99222.02782,IRELAND
51,Bandon,4300A,Cork North & Cork West,770.433,297.466,YES,2019/11/28 00:00:00+00,42395,14436, ,121,BANDON,MACROOM (Temp),"Weir Street, Bandon, Co. Cork",,CORK,https://www.garda.ie/en/Contact-Us/Station-Directory/Bandon.html,148948,54943,548909,555009,-8.739863,51.745084,1,23,8852200,District HQ,248683.8073,773130470.6,248683.8073,IRELAND
52,Mayfield,3980B,4074F,103.575,39.991,YES,2019/11/28 00:00:00+00,57211,21280, ,163,MAYFIELD,ANGLEASEA STREET,"Colmcille Avenue, Mayfield, Cork",,CORK,https://www.garda.ie/en/Contact-Us/Station-Directory/Mayfield.html,170524,73091,570480,573153,-8.429043,51.909732,1,21,4558510,District HQ,59636.77939,103938202.2,59636.77939,IRELAND
53,Macroom,4470K,Cork North & Cork West,1556.632,601.019,YES,2019/11/28 00:00:00+00,41293,14203, ,161,MACROOM,MACROOM (Temp),"Barrack Lane, Macroom, Co. Cork",,CORK,https://www.garda.ie/en/Contact-Us/Station-Directory/Macroom.html,133705,73058,533669,573120,-8.963996,51.906268,1,26,20590,District HQ,283822.9334,1562277623,283822.9334,IRELAND
54,Clonakilty,4400H,Cork North & Cork West,866.921,334.72,YES,2019/11/28 00:00:00+00,29208,10899, ,135,CLONAKILTY,MACROOM (Temp),"McCurtain Hill, Clonakilty, Co. Cork",,CORK,https://www.garda.ie/en/Contact-Us/Station-Directory/Clonakilty.html,138491,41691,538454,541760,-8.888908,51.624951,1,23,8821570,District HQ,292316.7582,870027228.7,292316.7582,IRELAND
55,Bantry,4370B,Cork North & Cork West,1227.567,473.966,YES,2019/11/28 00:00:00+00,20583,8115, ,122,BANTRY,MACROOM (Temp),"The Quay, Bantry, Co. Cork",,CORK,https://www.garda.ie/en/Contact-Us/Station-Directory/Bantry.html,99396,48475,499367,548542,-9.455239,51.68027,1,27,20860,District HQ,599358.1604,1232152449,599358.1604,IRELAND
56,Killarney,4650G,Kerry,2512.085,969.921,YES,2019/11/28 00:00:00+00,54671,19258, ,322,KILLARNEY,TRALEE,"New Road, Killarney, Co. Kerry",,KERRY,https://www.garda.ie/en/Contact-Us/Station-Directory/Killarney.html,96326,91071,496298,591129,-9.512388,52.062403,1,64,6671160,District HQ,512946.8996,2521802626,512946.8996,IRELAND
57,Tralee,4600M,Kerry,1462.167,564.546,YES,2019/11/28 00:00:00+00,60126,22616, ,331,TRALEE,TRALEE,"New Road, Tralee, Co. Kerry",,KERRY,https://www.garda.ie/en/Contact-Us/Station-Directory/Tralee.html,83396,114411,483372,614464,-9.708839,52.269488,1,66,7102300,District HQ,456044.7651,1467946895,456044.7651,IRELAND
58,Listowel,4770H,Kerry,891.827,344.336,YES,2019/11/28 00:00:00+00,28604,11176, ,325,LISTOWEL,TRALEE,"56 Church St, Listowel",,KERRY,https://www.garda.ie/en/Contact-Us/Station-Directory/Listowel.html,99155,133839,499127,633888,-9.483916,52.447132,1,68,50820,District HQ,232749.7163,895267990.7,232749.7163,IRELAND
59,Newcastle West,4970M,Limerick,1416.951,547.088,YES,2019/11/28 00:00:00+00,51370,18634, ,406,NEWCASTLE WEST,HENRY STREET,"Churchtown, Newcastlewest",,LIMERICK,https://www.garda.ie/en/Contact-Us/Station-Directory/Newcastlewest.html,127825,134070,527791,634118,-9.062395,52.453746,1,69,20650,District HQ,231211.6561,1422238060,231211.6561,IRELAND
60,Nenagh,3770B,Clare & Tipperary,1443.305,557.263,YES,2019/11/28 00:00:00+00,44186,16214, ,550,NENAGH,ENNIS,"Banba Square, Nenagh",,TIPPERARY,https://www.garda.ie/en/Contact-Us/Station-Directory/Nenagh.html,186608,179243,586561,679282,-8.199582,52.864279,1,67,50450,District HQ,292114.1378,1448647276,292114.1378,IRELAND
61,Limerick City North,4800C,Limerick,180.496,69.69,YES,2019/11/28 00:00:00+00,76060,27733, ,401,HENRY STREET,HENRY STREET,"102 Henry Street, Limerick, Co. Limerick",,LIMERICK,https://www.garda.ie/en/Contact-Us/Station-Directory/Henry-Street.html,157331,156861,557291,656905,-8.631345,52.66164,1,61,212400,Division HQ,83360.32042,181163655.3,83360.32042,IRELAND
62,Limerick City South,4800C,Limerick,283.61,109.503,YES,2019/11/28 00:00:00+00,48521,17311, ,412,ROXBORO ROAD,HENRY STREET,"Roxboro Road, Limerick, Co. Limerick",,LIMERICK,https://www.garda.ie/en/Contact-Us/Station-Directory/Roxboro-Road.html,158432,155641,558392,655685,-8.61491,52.650763,1,61,214340,District HQ,110576.3513,284653830.2,110576.3512,IRELAND
63,Birr,2600L,Kildare & Laois/Offaly,877.923,338.968,YES,2019/11/28 00:00:00+00,23258,8482, ,488,BIRR,PORT LAOISE,"Emmet Sq, Birr, Co. Offaly",,OFFALY,https://www.garda.ie/en/Contact-Us/Station-Directory/Birr.html,205977,205022,605926,705056,-7.911523,53.096052,1,57,9169710,District HQ,191678.8036,881231077.8,191678.8036,IRELAND
64,Tuam,5800K,Galway,1002.494,387.065,YES,2019/11/28 00:00:00+00,37069,13296, ,303,TUAM,MURROUGH,"Abbeytrinity, Tuam, Co. Galway",,GALWAY,https://www.garda.ie/en/Contact-Us/Station-Directory/Tuam.html,143273,252060,543236,752084,-8.855884,53.515662,1,93,70840,District HQ,230624.1133,1006461712,230624.1133,IRELAND
65,Buncrana,6470L,Donegal/Sligo & Leitrim,792.528,305.997,YES,2019/11/28 00:00:00+00,34765,12382, ,187,BUNCRANA,LETTERKENNY,"New Link Road, Buncrana",,DONEGAL,https://www.garda.ie/en/Contact-Us/Station-Directory/Buncrana.html,235085,431724,635030,931709,-7.450711,55.1315,1,74,9320540,District HQ,255247.2437,795915347.8,255247.2437,IRELAND
66,Milford,6540D,Donegal/Sligo & Leitrim,1666.785,643.549,YES,2019/11/28 00:00:00+00,34835,13463, ,210,MILFORD,LETTERKENNY,"Main Street, Milford, Letterkenny",,DONEGAL,https://www.garda.ie/en/Contact-Us/Station-Directory/Milford-Co-Donegal.html,219326,426673,619274,926658,-7.698108,55.08699,1,74,9153060,District HQ,550249.5565,1673789291,550249.5565,IRELAND
67,Ballyshannon,6600A,Donegal/Sligo & Leitrim,1601.04,618.165,YES,2019/11/28 00:00:00+00,31597,11968, ,185,BALLYSHANNON,LETTERKENNY,"The Mall, Ballyshannon",,DONEGAL,https://www.garda.ie/en/Contact-Us/Station-Directory/Ballyshannon.html,186778,361165,586732,861164,-8.204817,54.498743,1,71,9858530,District HQ,536350.911,1607634592,536350.911,IRELAND
68,Dundalk,2070B,Cavan/Monaghan & Louth,281.327,108.621,YES,2019/11/28 00:00:00+00,54775,19670, ,429,DUNDALK,DROGHEDA,"The Cresent, Dundalk, Co. Louth",,LOUTH,https://www.garda.ie/en/Contact-Us/Station-Directory/Dundalk.html,304337,306745,704266,806755,-6.409665,53.999499,1,42,9388400,District HQ,127284.7786,282521986.4,127284.7786,IRELAND
69,Ardee,2271C,Cavan/Monaghan & Louth,323.654,124.964,YES,2019/11/28 00:00:00+00,23164,7791,40,421,ARDEE,DROGHEDA,"Jervis Street, Co. Louth",,LOUTH,https://www.garda.ie/en/Contact-Us/Station-Directory/Ardee.html,296047,290467,695978,790481,-6.541139,53.854914,1,41,6853222,District HQ,149841.5233,325002583.6,149841.5233,IRELAND
70,Carrickmacross,6770K,Cavan/Monaghan & Louth,644.985,249.03,YES,2019/11/28 00:00:00+00,30498,10821, ,480,CARRICKMACROSS,DROGHEDA,"42 Main Street, Carrickmacross, Co. Cavan",,MONAGHAN,https://www.garda.ie/en/Contact-Us/Station-Directory/Carrickmacross.html,284115,303725,684048,803736,-6.718776,53.976059,1,42,9690190,District HQ,190209.2608,647639922.1,190209.2608,IRELAND
71,Monaghan,6700H,Cavan/Monaghan & Louth,643.866,248.598,YES,2019/11/28 00:00:00+00,30888,10868, ,484,MONAGHAN,DROGHEDA,"Plantation Road, Monaghan Town, Co. Monaghan",,MONAGHAN,https://www.garda.ie/en/Contact-Us/Station-Directory/Monaghan.html,267347,334101,667284,834106,-6.967516,54.25137,1,47,77200,Division HQ,224196.2663,646508968.5,224196.2663,IRELAND
72,Cavan,6800D,Cavan/Monaghan & Louth,1207.981,466.404,YES,2019/11/28 00:00:00+00,42024,15102, ,82,CAVAN,DROGHEDA,"Franham Street, Cavan, Co. Cavan",,CAVAN,https://www.garda.ie/en/Contact-Us/Station-Directory/Cavan.html,241968,305076,641910,805087,-7.360879,53.99333,1,49,4368800,District HQ,337515.4341,1212800460,337515.4341,IRELAND
73,Leitrim,6300B,Donegal/Sligo & Leitrim,1580.353,610.178,YES,2019/11/28 00:00:00+00,32551,12699, ,379,CARRICK ON SHANNON,LETTERKENNY,"Shannon Lodge, Carrick-On-Shannon",,LEITRIM,https://www.garda.ie/en/Contact-Us/Station-Directory/Carrick-on-Shannon.html,194129,299437,594081,799450,-8.09015,53.944337,1,71,9650510,District HQ,325970.3135,1586650344,325970.3135,IRELAND
74,Sligo,6200F,Donegal/Sligo & Leitrim,737.505,284.752,YES,2019/11/28 00:00:00+00,43088,16324, ,524,SLIGO,LETTERKENNY,"Pearse Rd, Sligo",,SLIGO,https://www.garda.ie/en/Contact-Us/Station-Directory/Sligo.html,169344,335702,569302,835707,-8.471265,54.269256,1,71,9157000,District HQ,298903.5307,740489730.1,298903.5307,IRELAND
75,Ballymote,6270G,Donegal/Sligo & Leitrim,1155.683,446.212,YES,2019/11/28 00:00:00+00,22256,8523, ,515,BALLYMOTE,LETTERKENNY,"Lord Edward St, Ballymote, Co. Sligo",,SLIGO,https://www.garda.ie/en/Contact-Us/Station-Directory/Ballymote.html,166332,315483,566291,815492,-8.515224,54.087429,1,71,9189500,District HQ,317069.677,1160366624,317069.677,IRELAND
76,Castlerea,5770C,Mayo & Roscommon/Longford,1604.545,619.518,YES,2019/11/28 00:00:00+00,33038,12766, ,505,CASTLEREA,CASTLEBAR,"Barrack Street, Castlerea, Co. Roscommon",,ROSCOMMON,https://www.garda.ie/en/Contact-Us/Station-Directory/Castlerea.html,168128,279762,568086,779779,-8.484061,53.766632,1,94,9621630,District HQ,333238.6574,1610856974,333238.6574,IRELAND
77,Claremorris,6070D,Mayo & Roscommon/Longford,1410.816,544.719,YES,2019/11/28 00:00:00+00,41383,15529, ,446,CLAREMORRIS,CASTLEBAR,"Mount St, Claremorris",,MAYO,https://www.garda.ie/en/Contact-Us/Station-Directory/Claremorris.html,134020,275183,533985,775201,-9.000249,53.722297,1,94,9372080,District HQ,327797.0347,1416465309,327797.0347,IRELAND
78,Ballina,5970F,Mayo & Roscommon/Longford,1049.112,405.064,YES,2019/11/28 00:00:00+00,29384,11129, ,436,BALLINA,CASTLEBAR,"Walsh St, Ballina",,MAYO,https://www.garda.ie/en/Contact-Us/Station-Directory/Ballina.html,124157,318813,524124,818822,-9.160445,54.112854,1,96,20560,District HQ,230827.6043,1053466457,230827.6043,IRELAND
79,Castlebar,5900E,Mayo & Roscommon/Longford,879.492,339.574,YES,2019/11/28 00:00:00+00,29171,10839, ,444,CASTLEBAR,CASTLEBAR,"The Mall, Castlebar, Co. Mayo",,MAYO,https://www.garda.ie/en/Contact-Us/Station-Directory/Castlebar.html,114657,290095,514626,790111,-9.297628,53.853436,1,94,9038200,Division HQ,221713.8677,883088404.9,221713.8677,IRELAND
80,Westport,6170M,Mayo & Roscommon/Longford,1671.216,645.26,YES,2019/11/28 00:00:00+00,22414,8273, ,462,WESTPORT,CASTLEBAR,"The Fairgreen, Westport",,MAYO,https://www.garda.ie/en/Contact-Us/Station-Directory/Westport.html,99932,284334,499904,784351,-9.519437,53.79907,1,98,50230,District HQ,287331.029,1678312117,287331.029,IRELAND
81,Belmullet,6000C,Mayo & Roscommon/Longford,1269.907,490.314,YES,2019/11/28 00:00:00+00,12302,3299, ,442,BELMULLET,CASTLEBAR,"Fr. Mulhern Crescent, Belmullet",,MAYO,https://www.garda.ie/en/contact-us/station-directory/beal-an-mhuirthead-belmullet-.html,70539,332132,470518,832138,-9.985584,54.221746,0,97,81910,District HQ,421643.4174,1275399606,421643.4174,IRELAND
82,Clifden,5250G,Galway,1456.396,562.318,YES,2019/11/28 00:00:00+00,10570,3911, ,268,CLIFDEN,MURROUGH,"Clifden, Co. Galway",,GALWAY,https://www.garda.ie/en/Contact-Us/Station-Directory/Clifden.html,66684,250540,466663,750565,-10.009242,53.488185,1,95,22500,District HQ,318248.7808,1462529649,318248.7808,IRELAND
83,Salthill,5357M,Galway,1460.955,564.078,YES,2019/11/28 00:00:00+00,53357,19275, ,301,SALTHILL,MURROUGH,"Dalysfort Road, Salthill, Galway",,GALWAY,https://www.garda.ie/en/Contact-Us/Station-Directory/Salthill.html,127993,223674,527959,723703,-9.079714,53.258788,1,91,514720,District HQ,220017.2663,1466853559,220017.2663,IRELAND
84,Galway,5240L,Galway,668.866,258.251,YES,2019/11/28 00:00:00+00,92149,32486, ,274,GALWAY,MURROUGH,"Millstreet, Galway, Co. Galway",,GALWAY,https://www.garda.ie/en/contact-us/station-directory/gaillimh-galway-.html,129497,225056,529463,725085,-9.057489,53.271404,1,91,538000,District HQ,211611.7605,671463333.9,211611.7605,IRELAND
85,Kilrush,5070K,Clare & Tipperary,1932.235,746.04,YES,2019/11/28 00:00:00+00,35290,13310, ,101,KILRUSH,ENNIS,"Kilrush, Co. Clare",,CLARE,https://www.garda.ie/en/Contact-Us/Station-Directory/Kilrush.html,99791,155414,499763,655458,-9.481077,52.641064,1,65,9080550,District HQ,400717.6677,1939731756,400717.6677,IRELAND
86,Ennis,5030L,Clare & Tipperary,1429.541,551.949,YES,2019/11/28 00:00:00+00,74185,27376, ,96,ENNIS,ENNIS,"Abbey Street, Ennis, Co. Clare",,CLARE,https://www.garda.ie/en/Contact-Us/Station-Directory/Ennis.html,133945,177732,533910,677771,-8.98112,52.84681,1,65,6848100,Division HQ,281660.8165,1434920542,281660.8165,IRELAND
87,Loughrea,5300G,Galway,1526.979,589.57,YES,2019/11/28 00:00:00+00,40465,14416, ,288,LOUGHREA,MURROUGH,"Barrack Street, Loughrea, Co. Galway",,GALWAY,https://www.garda.ie/en/Contact-Us/Station-Directory/Loughrea.html,161958,216447,561917,716478,-8.569948,53.197374,1,91,842870,District HQ,361156.6986,1532781106,361156.6986,IRELAND
88,Ballinasloe,5670G,Galway,938.447,362.336,YES,2019/11/28 00:00:00+00,24690,8636, ,263,BALLINASLOE,MURROUGH,"Dunlo St, Ballinasloe, Co. Galway",,GALWAY,https://www.garda.ie/en/Contact-Us/Station-Directory/Ballinasloe.html,185149,230904,585103,730932,-8.223624,53.328431,1,90,9631890,District HQ,268040.5563,942052732.2,268040.5563,IRELAND
89,Roscommon,5600F,Mayo & Roscommon/Longford,875.874,338.177,YES,2019/11/28 00:00:00+00,24122,8654, ,511,ROSCOMMON,CASTLEBAR,"Roscommon Town, Co. Roscommon",,ROSCOMMON,https://www.garda.ie/en/Contact-Us/Station-Directory/Roscommon.html,187242,264445,587196,764466,-8.193576,53.629842,1,90,6638300,District HQ,210177.7983,879243716.8,210177.7983,IRELAND
90,Clonmel,3670F,Clare & Tipperary,523.245,202.026,YES,2019/11/28 00:00:00+00,27197,14488, ,538,CLONMEL,ENNIS,"Emmet Street, Clonmel",,TIPPERARY,https://www.garda.ie/en/Contact-Us/Station-Directory/Clonmel.html,220495,122492,620441,622543,-7.699937,52.354092,1,52,6177640,District HQ,175016.8343,525138758.5,175016.8343,IRELAND
91,Coolock,1530L,DMR North,144.515,55.797,YES,2019/11/28 00:00:00+00,142005,48041, ,230,COOLOCK,BALLYMUN,Oscar Traynor Road,,DUBLIN,https://www.garda.ie/en/Contact-Us/Station-Directory/Coolock.html,319729,239280,719654,739305,-6.201099,53.390335,1,1,6664200,District HQ,111948.5343,142882319.2,111948.5343,IRELAND
92,Blanchardstown,1700M,DMR West,94.509,36.49,YES,2019/11/28 00:00:00+00,174165,58455, ,224,BLANCHARDSTOWN,BLANCHARDSTOWN,"Blanchardstown, D15",,DUBLIN,https://www.garda.ie/en/Contact-Us/Station-Directory/Blanchardstown.html,307764,238947,707692,738972,-6.380975,53.38992,1,1,6667000,Division HQ,53403.9836,93107690.4,53403.9836,IRELAND
93,Ballymun,1502H,DMR North,28.288,10.922,YES,2019/11/28 00:00:00+00,60837,21459, ,222,BALLYMUN,BALLYMUN,"Ballymun Road, D11",,DUBLIN,https://www.garda.ie/en/Contact-Us/Station-Directory/Ballymun.html,315553,239644,715478,739669,-6.26371,53.394531,1,1,6664400,Division HQ,27961.90426,32404852.48,27961.90426,IRELAND
94,Midleton,4200E,Cork North & Cork West,661.812,255.527,YES,2019/11/28 00:00:00+00,67533,23787, ,164,MIDLETON,MACROOM (Temp),"Oliver Plunkett Place, Midleton",,CORK,https://www.garda.ie/en/Contact-Us/Station-Directory/Midleton.html,188110,73791,588063,573853,-8.173526,51.916681,1,21,4621550,District HQ,169292.5624,664118665,169292.5624,IRELAND
95,Letterkenny,206,Donegal/Sligo & Leitrim,982.74,379.438,YES,2019/11/28 00:00:00+00,56995,20692, ,208,LETTERKENNY,LETTERKENNY,"New Line Road, Letterkenny",,DONEGAL,https://www.garda.ie/en/Contact-Us/Station-Directory/Letterkenny.html,216935,411935,616883,911924,-7.736422,54.954697,0,74,9167100,Division HQ,197449.4187,986824434.8,197449.4187,IRELAND
96,Bailieborough,6870E,Cavan/Monaghan & Louth,714.811,275.99,YES,2019/11/28 00:00:00+00,34152,11805, ,76,BAILIEBOROUGH,DROGHEDA,"Barrack Street, Baileboro, Co. Cavan",,CAVAN,https://www.garda.ie/en/Contact-Us/Station-Directory/Bailieboro.html,267755,296683,667691,796696,-6.96963,53.915212,1,42,9694570,District HQ,238368.3264,717693778.9,238368.3264,IRELAND
97,Finglas,,DMR West,,,,,,,,,FINGLAS,DUBLIN,"Mellowes Road,Finglas, D11",,DUBLIN,,,,,,-6.306919,53.389651,,,,District HQ,,,,IRELAND
98,Dundrum,,DMR East,,,,,,,,,DUNDRUM,DUBLIN,"Kilmacud Rd Upper, Dundrum, D14",,DUBLIN,,,,,,-6.242572,53.289544,,,,District HQ,,,,IRELAND
99,Ronanstown,,DMR West,,,,,,,,,RONANSTOWN,DUBLIN,"Saint Ronan's Avenue, Clondalkin, D22",,DUBLIN,,,,,,-6.406023,53.337899,,,,District HQ,,,,IRELAND
100,Swords,,DMR North,,,,,,,,,SWORDS,DUBLIN,"Main Street, Swords, Co.Dublin",,DUBLIN,,,,,,-6.221116,53.456023,,,,,,,,IRELAND
101,Kilmainham,,DMR South,,,,,,,,,KILMAINHAM,DUBLIN,"Kilmainham Lane,D8",,DUBLIN,,,,,,-6.304273,53.341869,,,,,,,,IRELAND
102,Mountjoy,,DMR North,,,,,,,,,MOUNTJOY,DUBLIN,"399 North Circular Road,D7",,DUBLIN,,,,,,-6.266825,53.360484,,,,,,,,IRELAND
103,Rathfarnham,,DMR South,,,,,,,,,RATHFARNHAM,DUBLIN,"Butterfield Avenue, Rathfarnham, D14",,DUBLIN,,,,,,-6.28815,53.297388,,,,,,,,IRELAND
104,Santry,,DMR North,,,,,,,,,SANTRY,DUBLIN,"Shanowen Road,Santry,D9",,DUBLIN,,,,,,-6.251635,53.389728,,,,,,,,IRELAND
105,Ballyfermot,,DMR West,,,,,,,,,BALLYFERMOT,DUBLIN,"Rossmore Avenue,Ballyfermot, D20",,DUBLIN,,,,,,-6.357991,53.34476,,,,,,,,IRELAND
106,Rathmines,,DMR South,,,,,,,,,RATHMINES,DUBLIN,"Rathgar Road,Rathgar,D6",,DUBLIN,,,,,,-6.267004,53.321317,,,,,,,,IRELAND
107,Clontarf,,DMR North,,,,,,,,,CLONTARF,DUBLIN,"Strandville Avenue East, Clontarf, D3",,DUBLIN,,,,,,-6.220152,53.363544,,,,,,,,IRELAND
108,Sundrive Road,,DMR South,,,,,,,,,SUNDRIVE ROAD,DUBLIN,"	Crumlin Road, Crumlin, D12",,DUBLIN,,,,,,-6.298731,53.330191,,,,,,,,IRELAND
109,Irishtown,,DMR South,,,,,,,,,IRISHTOWN,DUBLIN,"Irishtown Road, Irishtown,D4",,DUBLIN,,,,,,-6.22304,53.338063,,,,,,,,IRELAND
110,Cabra,,DMR West,,,,,,,,,CABRA,DUBLIN,"Navan Road, D7",,DUBLIN,,,,,,-6.30764,53.364985,,,,,,,,IRELAND
111,Cabinteely,,DMR East,,,,,,,,,CABINTEELY,DUBLIN,"	Bray Road, Cabinteely, D18",,DUBLIN,,,,,,-6.150651,53.260789,,,,,,,,IRELAND
112,Shankill,,DMR East,,,,,,,,,SHANKILL,DUBLIN,"Dorney Court, Shankill, D18",,DUBLIN,,,,,,-6.121017,53.233524,,,,,,,,IRELAND
113,Malahide,,DMR North,,,,,,,,,MALAHIDE,DUBLIN,"1/2 James's Terrace, Malahide,Co.Dublin",,DUBLIN,,,,,,-6.151959,53.451162,,,,,,,,IRELAND
114,Howth,,DMR North,,,,,,,,,HOWTH,DUBLIN,"8 Dunbo Hill, Howth, Co.Dublin",,DUBLIN,,,,,,-6.069001,53.387287,,,,,,,,IRELAND
115,Rathcoole,,DMR West,,,,,,,,,RATHCOOLE,DUBLIN,"Main Street, Rathcoole, Co Dublin",,DUBLIN,,,,,,-6.464709,53.281792,,,,,,,,IRELAND
116,Lusk,,DMR North,,,,,,,,,LUSK,DUBLIN,"Dublin Road, Lusk, Co Dublin",,DUBLIN,,,,,,-6.167335,53.523431,,,,,,,,IRELAND
117,Dublin Airport,,DMR North,,,,,,,,,DUBLIN AIRPORT,DUBLIN,"Terminal Complex, Dublin airport, Swords, Co Dublin",,DUBLIN,,,,,,-6.24501,53.429782,,,,,,,,IRELAND
118,Skerries,,DMR North,,,,,,,,,SKERRIES,DUBLIN,"	90 Strand Street, Skerries, Co Dublin",,DUBLIN,,,,,,-6.106963,53.579593,,,,,,,,IRELAND
119,Garristown,,DMR North,,,,,,,,,GARRISTOWN,DUBLIN,"Main Street, Garristown, Co Dublin",,DUBLIN,,,,,,-6.383903,53.567052,,,,,,,,IRELAND
